id,type,bnf_code,nm
8093711000001103,amp,0601021A0AAAAAA,glimepiride 2mg tablets (alliance healthcare (distribution) ltd)
10155111000001101,amp,0601021A0AAAAAA,glimepiride 2mg tablets (actavis uk ltd)
10274011000001101,amp,0601021A0AAAAAA,glimepiride 2mg tablets (a a h pharmaceuticals ltd)
10445311000001101,amp,0601021A0AAAAAA,glimepiride 2mg tablets (niche generics ltd)
10517911000001105,amp,0601021A0AAAAAA,glimepiride 2mg tablets (zentiva)
10617511000001108,amp,0601021A0AAAAAA,glimepiride 2mg tablets (somex pharma)
10689011000001106,amp,0601021A0AAAAAA,glimepiride 2mg tablets (pliva pharma ltd)
11018911000001102,amp,0601021A0AAAAAA,glimepiride 2mg tablets (dr reddy's laboratories (uk) ltd)
11149411000001103,amp,0601021A0AAAAAA,glimepiride 2mg tablets (teva uk ltd)
11343211000001108,amp,0601021A0AAAAAA,glimepiride 2mg tablets (sandoz ltd)
12147311000001101,amp,0601021A0AAAAAA,glimepiride 2mg tablets (kent pharmaceuticals ltd)
13720511000001107,amp,0601021A0AAAAAA,glimepiride 2mg tablets (ranbaxy (uk) ltd)
14122311000001108,amp,0601021A0AAAAAA,glimepiride 2mg tablets (consilient health ltd)
15091211000001102,amp,0601021A0AAAAAA,glimepiride 2mg tablets (sigma pharmaceuticals plc)
16053711000001101,amp,0601021A0AAAAAA,glimepiride 2mg tablets (bristol laboratories ltd)
17916711000001106,amp,0601021A0AAAAAA,glimepiride 2mg tablets (phoenix healthcare distribution ltd)
20166811000001106,amp,0601021A0AAAAAA,glimepiride 2mg tablets (accord healthcare ltd)
22027411000001104,amp,0601021A0AAAAAA,glimepiride 2mg tablets (waymade healthcare plc)
24106511000001109,amp,0601021A0AAAAAA,glimepiride 2mg tablets (de pharmaceuticals)
30137811000001100,amp,0601021A0AAAAAA,glimepiride 2mg tablets (mawdsley-brooks & company ltd)
32493611000001106,amp,0601021A0AAAAAA,glimepiride 2mg tablets (brown & burk uk ltd)
10154911000001102,amp,0601021A0AAABAB,glimepiride 1mg tablets (actavis uk ltd)
10272611000001100,amp,0601021A0AAABAB,glimepiride 1mg tablets (alliance healthcare (distribution) ltd)
10273811000001109,amp,0601021A0AAABAB,glimepiride 1mg tablets (a a h pharmaceuticals ltd)
10445111000001103,amp,0601021A0AAABAB,glimepiride 1mg tablets (niche generics ltd)
10517711000001108,amp,0601021A0AAABAB,glimepiride 1mg tablets (zentiva)
10617311000001102,amp,0601021A0AAABAB,glimepiride 1mg tablets (somex pharma)
10688811000001107,amp,0601021A0AAABAB,glimepiride 1mg tablets (pliva pharma ltd)
11019211000001101,amp,0601021A0AAABAB,glimepiride 1mg tablets (dr reddy's laboratories (uk) ltd)
11149211000001102,amp,0601021A0AAABAB,glimepiride 1mg tablets (teva uk ltd)
11342811000001101,amp,0601021A0AAABAB,glimepiride 1mg tablets (sandoz ltd)
12147111000001103,amp,0601021A0AAABAB,glimepiride 1mg tablets (kent pharmaceuticals ltd)
14122111000001106,amp,0601021A0AAABAB,glimepiride 1mg tablets (consilient health ltd)
15091011000001107,amp,0601021A0AAABAB,glimepiride 1mg tablets (sigma pharmaceuticals plc)
16053511000001106,amp,0601021A0AAABAB,glimepiride 1mg tablets (bristol laboratories ltd)
17916311000001107,amp,0601021A0AAABAB,glimepiride 1mg tablets (phoenix healthcare distribution ltd)
18462411000001106,amp,0601021A0AAABAB,glimepiride 1mg tablets (accord healthcare ltd)
22027111000001109,amp,0601021A0AAABAB,glimepiride 1mg tablets (waymade healthcare plc)
24106311000001103,amp,0601021A0AAABAB,glimepiride 1mg tablets (de pharmaceuticals)
32493411000001108,amp,0601021A0AAABAB,glimepiride 1mg tablets (brown & burk uk ltd)
37069611000001104,amp,0601021A0AAABAB,glimepiride 1mg tablets (mawdsley-brooks & company ltd)
8093911000001101,amp,0601021A0AAACAC,glimepiride 3mg tablets (alliance healthcare (distribution) ltd)
10155311000001104,amp,0601021A0AAACAC,glimepiride 3mg tablets (actavis uk ltd)
10274311000001103,amp,0601021A0AAACAC,glimepiride 3mg tablets (a a h pharmaceuticals ltd)
10445511000001107,amp,0601021A0AAACAC,glimepiride 3mg tablets (niche generics ltd)
10518111000001108,amp,0601021A0AAACAC,glimepiride 3mg tablets (zentiva)
10617811000001106,amp,0601021A0AAACAC,glimepiride 3mg tablets (somex pharma)
10689211000001101,amp,0601021A0AAACAC,glimepiride 3mg tablets (pliva pharma ltd)
11018611000001108,amp,0601021A0AAACAC,glimepiride 3mg tablets (dr reddy's laboratories (uk) ltd)
11149611000001100,amp,0601021A0AAACAC,glimepiride 3mg tablets (teva uk ltd)
11343511000001106,amp,0601021A0AAACAC,glimepiride 3mg tablets (sandoz ltd)
12147511000001107,amp,0601021A0AAACAC,glimepiride 3mg tablets (kent pharmaceuticals ltd)
13720911000001100,amp,0601021A0AAACAC,glimepiride 3mg tablets (ranbaxy (uk) ltd)
14122511000001102,amp,0601021A0AAACAC,glimepiride 3mg tablets (consilient health ltd)
15091411000001103,amp,0601021A0AAACAC,glimepiride 3mg tablets (sigma pharmaceuticals plc)
16053911000001104,amp,0601021A0AAACAC,glimepiride 3mg tablets (bristol laboratories ltd)
17917111000001108,amp,0601021A0AAACAC,glimepiride 3mg tablets (phoenix healthcare distribution ltd)
18462611000001109,amp,0601021A0AAACAC,glimepiride 3mg tablets (accord healthcare ltd)
22027911000001107,amp,0601021A0AAACAC,glimepiride 3mg tablets (waymade healthcare plc)
24106711000001104,amp,0601021A0AAACAC,glimepiride 3mg tablets (de pharmaceuticals)
30138311000001105,amp,0601021A0AAACAC,glimepiride 3mg tablets (mawdsley-brooks & company ltd)
32493811000001105,amp,0601021A0AAACAC,glimepiride 3mg tablets (brown & burk uk ltd)
10155511000001105,amp,0601021A0AAADAD,glimepiride 4mg tablets (actavis uk ltd)
10272911000001106,amp,0601021A0AAADAD,glimepiride 4mg tablets (alliance healthcare (distribution) ltd)
10274511000001109,amp,0601021A0AAADAD,glimepiride 4mg tablets (a a h pharmaceuticals ltd)
10437311000001105,amp,0601021A0AAADAD,glimepiride 4mg tablets (niche generics ltd)
10518311000001105,amp,0601021A0AAADAD,glimepiride 4mg tablets (zentiva)
10618111000001103,amp,0601021A0AAADAD,glimepiride 4mg tablets (somex pharma)
11018411000001105,amp,0601021A0AAADAD,glimepiride 4mg tablets (dr reddy's laboratories (uk) ltd)
11149811000001101,amp,0601021A0AAADAD,glimepiride 4mg tablets (teva uk ltd)
11344011000001101,amp,0601021A0AAADAD,glimepiride 4mg tablets (sandoz ltd)
12147711000001102,amp,0601021A0AAADAD,glimepiride 4mg tablets (kent pharmaceuticals ltd)
13721211000001103,amp,0601021A0AAADAD,glimepiride 4mg tablets (ranbaxy (uk) ltd)
14122711000001107,amp,0601021A0AAADAD,glimepiride 4mg tablets (consilient health ltd)
15091611000001100,amp,0601021A0AAADAD,glimepiride 4mg tablets (sigma pharmaceuticals plc)
16054111000001100,amp,0601021A0AAADAD,glimepiride 4mg tablets (bristol laboratories ltd)
17917511000001104,amp,0601021A0AAADAD,glimepiride 4mg tablets (phoenix healthcare distribution ltd)
18462811000001108,amp,0601021A0AAADAD,glimepiride 4mg tablets (accord healthcare ltd)
22028211000001104,amp,0601021A0AAADAD,glimepiride 4mg tablets (waymade healthcare plc)
24106911000001102,amp,0601021A0AAADAD,glimepiride 4mg tablets (de pharmaceuticals)
30138511000001104,amp,0601021A0AAADAD,glimepiride 4mg tablets (mawdsley-brooks & company ltd)
32494011000001102,amp,0601021A0AAADAD,glimepiride 4mg tablets (brown & burk uk ltd)
16125411000001100,amp,0601021A0AAAGAG,glimepiride 2mg/5ml oral solution (special order)
16125711000001106,amp,0601021A0AAAGAG,glimepiride 2mg/5ml oral suspension (special order)
21324011000001103,amp,0601021A0AAAHAH,glimepiride 6mg/5ml oral suspension (special order)
938211000001105,amp,0601021A0BBAAAA,amaryl 2mg tablets (zentiva)
228111000001101,amp,0601021A0BBABAB,amaryl 1mg tablets (zentiva)
164511000001108,amp,0601021A0BBACAC,amaryl 3mg tablets (zentiva)
259611000001101,amp,0601021A0BBADAD,amaryl 4mg tablets (zentiva)
13626011000001107,amp,0601021A0BCAAAB,niddaryl 1mg tablets (dee pharmaceuticals ltd)
13626511000001104,amp,0601021A0BCABAA,niddaryl 2mg tablets (dee pharmaceuticals ltd)
13626911000001106,amp,0601021A0BCACAC,niddaryl 3mg tablets (dee pharmaceuticals ltd)
13627211000001100,amp,0601021A0BCADAD,niddaryl 4mg tablets (dee pharmaceuticals ltd)
3949611000001107,amp,0601021E0AAAAAA,chlorpropamide 100mg tablets (the boots company plc)
27692911000001108,amp,0601021E0AAAAAA,chlorpropamide 100mg tablets (special order)
3950411000001101,amp,0601021E0AAABAB,chlorpropamide 250mg tablets (the boots company plc)
11982811000001104,amp,0601021E0AAADAD,chlorpropamide 250mg/5ml oral suspension (special order)
107311000001107,amp,0601021H0AAAAAA,glibenclamide 2.5mg tablets (kent pharmaceuticals ltd)
386011000001102,amp,0601021H0AAAAAA,glibenclamide 2.5mg tablets (mylan)
648011000001102,amp,0601021H0AAAAAA,glibenclamide 2.5mg tablets (a a h pharmaceuticals ltd)
656211000001109,amp,0601021H0AAAAAA,glibenclamide 2.5mg tablets (alliance healthcare (distribution) ltd)
700011000001100,amp,0601021H0AAAAAA,glibenclamide 2.5mg tablets (actavis uk ltd)
894411000001104,amp,0601021H0AAAAAA,glibenclamide 2.5mg tablets (wockhardt uk ltd)
918011000001106,amp,0601021H0AAAAAA,glibenclamide 2.5mg tablets (teva uk ltd)
923911000001109,amp,0601021H0AAAAAA,glibenclamide 2.5mg tablets (ivax pharmaceuticals uk ltd)
10377311000001104,amp,0601021H0AAAAAA,glibenclamide 2.5mg tablets (arrow generics ltd)
17914711000001102,amp,0601021H0AAAAAA,glibenclamide 2.5mg tablets (phoenix healthcare distribution ltd)
17972811000001108,amp,0601021H0AAAAAA,glibenclamide 2.5mg tablets (almus pharmaceuticals ltd)
22026011000001105,amp,0601021H0AAAAAA,glibenclamide 2.5mg tablets (waymade healthcare plc)
23943211000001106,amp,0601021H0AAAAAA,glibenclamide 2.5mg tablets (de pharmaceuticals)
29869311000001101,amp,0601021H0AAAAAA,glibenclamide 2.5mg tablets (sigma pharmaceuticals plc)
30134511000001106,amp,0601021H0AAAAAA,glibenclamide 2.5mg tablets (mawdsley-brooks & company ltd)
120811000001108,amp,0601021H0AAABAB,glibenclamide 5mg tablets (wockhardt uk ltd)
535811000001108,amp,0601021H0AAABAB,glibenclamide 5mg tablets (teva uk ltd)
695711000001101,amp,0601021H0AAABAB,glibenclamide 5mg tablets (actavis uk ltd)
718311000001102,amp,0601021H0AAABAB,glibenclamide 5mg tablets (alliance healthcare (distribution) ltd)
745211000001107,amp,0601021H0AAABAB,glibenclamide 5mg tablets (a a h pharmaceuticals ltd)
822911000001107,amp,0601021H0AAABAB,glibenclamide 5mg tablets (kent pharmaceuticals ltd)
887211000001106,amp,0601021H0AAABAB,glibenclamide 5mg tablets (mylan)
903011000001101,amp,0601021H0AAABAB,glibenclamide 5mg tablets (ivax pharmaceuticals uk ltd)
10377711000001100,amp,0601021H0AAABAB,glibenclamide 5mg tablets (arrow generics ltd)
17915111000001104,amp,0601021H0AAABAB,glibenclamide 5mg tablets (phoenix healthcare distribution ltd)
17973211000001101,amp,0601021H0AAABAB,glibenclamide 5mg tablets (almus pharmaceuticals ltd)
22026311000001108,amp,0601021H0AAABAB,glibenclamide 5mg tablets (waymade healthcare plc)
23943411000001105,amp,0601021H0AAABAB,glibenclamide 5mg tablets (de pharmaceuticals)
29869511000001107,amp,0601021H0AAABAB,glibenclamide 5mg tablets (sigma pharmaceuticals plc)
30134711000001101,amp,0601021H0AAABAB,glibenclamide 5mg tablets (mawdsley-brooks & company ltd)
12107211000001104,amp,0601021H0AAAIAI,glibenclamide 625micrograms/5ml oral suspension (special order)
12107511000001101,amp,0601021H0AAAIAI,glibenclamide 625micrograms/5ml oral solution (special order)
8494911000001105,amp,0601021H0AAAJAJ,glibenclamide 5mg/5ml oral solution (special order)
8495611000001103,amp,0601021H0AAAJAJ,glibenclamide 5mg/5ml oral suspension (special order)
12108411000001101,amp,0601021H0AAAKAK,glibenclamide 2.5mg/5ml oral suspension (special order)
12108711000001107,amp,0601021H0AAAKAK,glibenclamide 2.5mg/5ml oral solution (special order)
12107811000001103,amp,0601021H0AAAMAM,glibenclamide 15mg/5ml oral suspension (special order)
12108111000001106,amp,0601021H0AAAMAM,glibenclamide 15mg/5ml oral solution (special order)
8495311000001108,amp,0601021H0AAANAN,glibenclamide 7.5mg/5ml oral solution (special order)
8495911000001109,amp,0601021H0AAANAN,glibenclamide 7.5mg/5ml oral suspension (special order)
234011000001108,amp,0601021H0BBAAAB,daonil 5mg tablets (sanofi)
140711000001103,amp,0601021H0BBACAA,semi-daonil 2.5mg tablets (sanofi)
233411000001102,amp,0601021H0BDAAAA,euglucon 2.5mg tablets (aventis pharma)
322511000001103,amp,0601021H0BDABAB,euglucon 5mg tablets (sanofi)
13511000001103,amp,0601021H0BKAAAA,diabetamide 2.5mg tablets (ashbourne pharmaceuticals ltd)
287811000001101,amp,0601021H0BKABAB,diabetamide 5mg tablets (ashbourne pharmaceuticals ltd)
37337011000001106,amp,0601021H0BNAAAP,amglidia 0.6mg/ml oral suspension with 1ml oral syringe (amring pharmaceuticals ltd)
37337211000001101,amp,0601021H0BNABAP,amglidia 0.6mg/ml oral suspension with 5ml oral syringe (amring pharmaceuticals ltd)
37337511000001103,amp,0601021H0BNACAQ,amglidia 6mg/ml oral suspension with 1ml oral syringe (amring pharmaceuticals ltd)
37337711000001108,amp,0601021H0BNADAQ,amglidia 6mg/ml oral suspension with 5ml oral syringe (amring pharmaceuticals ltd)
11411000001101,amp,0601021M0AAAAAA,gliclazide 80mg tablets (kent pharmaceuticals ltd)
184711000001100,amp,0601021M0AAAAAA,gliclazide 80mg tablets (sterwin medicines)
378911000001109,amp,0601021M0AAAAAA,gliclazide 80mg tablets (a a h pharmaceuticals ltd)
498911000001107,amp,0601021M0AAAAAA,gliclazide 80mg tablets (actavis uk ltd)
533211000001108,amp,0601021M0AAAAAA,gliclazide 80mg tablets (mylan)
551111000001104,amp,0601021M0AAAAAA,gliclazide 80mg tablets (alliance healthcare (distribution) ltd)
622811000001108,amp,0601021M0AAAAAA,gliclazide 80mg tablets (wockhardt uk ltd)
860011000001104,amp,0601021M0AAAAAA,gliclazide 80mg tablets (ivax pharmaceuticals uk ltd)
892811000001108,amp,0601021M0AAAAAA,gliclazide 80mg tablets (teva uk ltd)
925311000001109,amp,0601021M0AAAAAA,gliclazide 80mg tablets (genus pharmaceuticals ltd)
929811000001102,amp,0601021M0AAAAAA,gliclazide 80mg tablets (sandoz ltd)
9752811000001105,amp,0601021M0AAAAAA,gliclazide 80mg tablets (milpharm ltd)
9801911000001102,amp,0601021M0AAAAAA,gliclazide 80mg tablets (almus pharmaceuticals ltd)
10378111000001100,amp,0601021M0AAAAAA,gliclazide 80mg tablets (arrow generics ltd)
11406411000001102,amp,0601021M0AAAAAA,gliclazide 80mg tablets (pliva pharma ltd)
11492211000001104,amp,0601021M0AAAAAA,gliclazide 80mg tablets (zentiva)
16053211000001108,amp,0601021M0AAAAAA,gliclazide 80mg tablets (bristol laboratories ltd)
17199311000001101,amp,0601021M0AAAAAA,gliclazide 80mg tablets (sovereign medical ltd)
17915611000001107,amp,0601021M0AAAAAA,gliclazide 80mg tablets (phoenix healthcare distribution ltd)
18462111000001101,amp,0601021M0AAAAAA,gliclazide 80mg tablets (accord healthcare ltd)
21409211000001109,amp,0601021M0AAAAAA,gliclazide 80mg tablets (medreich plc)
22026711000001107,amp,0601021M0AAAAAA,gliclazide 80mg tablets (waymade healthcare plc)
23943611000001108,amp,0601021M0AAAAAA,gliclazide 80mg tablets (de pharmaceuticals)
29869711000001102,amp,0601021M0AAAAAA,gliclazide 80mg tablets (sigma pharmaceuticals plc)
30134911000001104,amp,0601021M0AAAAAA,gliclazide 80mg tablets (mawdsley-brooks & company ltd)
32413911000001101,amp,0601021M0AAAAAA,gliclazide 80mg tablets (genesis pharmaceuticals ltd)
36925911000001109,amp,0601021M0AAAAAA,gliclazide 80mg tablets (relonchem ltd)
12110211000001101,amp,0601021M0AAAGAG,gliclazide 60mg/5ml oral suspension (special order)
12109911000001101,amp,0601021M0AAAHAH,gliclazide 50mg/5ml oral suspension (special order)
12109311000001102,amp,0601021M0AAAIAI,gliclazide 120mg/5ml oral suspension (special order)
8496611000001108,amp,0601021M0AAAJAJ,gliclazide 160mg/5ml oral suspension (special order)
12109011000001100,amp,0601021M0AAALAL,gliclazide 100mg/5ml oral suspension (special order)
13549911000001105,amp,0601021M0AAAMAM,gliclazide 30mg modified-release tablets (kent pharmaceuticals ltd)
12109611000001107,amp,0601021M0AAANAN,gliclazide 20mg/5ml oral suspension (special order)
13462811000001109,amp,0601021M0AAAPAP,gliclazide 30mg/5ml oral suspension (special order)
17880511000001107,amp,0601021M0AAARAR,gliclazide 40mg tablets (a a h pharmaceuticals ltd)
22026511000001102,amp,0601021M0AAARAR,gliclazide 40mg tablets (waymade healthcare plc)
32498311000001109,amp,0601021M0AAARAR,gliclazide 40mg tablets (accord healthcare ltd)
33428211000001102,amp,0601021M0AAARAR,gliclazide 40mg tablets (alliance healthcare (distribution) ltd)
34823611000001100,amp,0601021M0AAARAR,gliclazide 40mg tablets (teva uk ltd)
34956911000001107,amp,0601021M0AAARAR,gliclazide 40mg tablets (almus pharmaceuticals ltd)
35316811000001107,amp,0601021M0AAARAR,gliclazide 40mg tablets (northstar healthcare unlimited company)
36739111000001104,amp,0601021M0AAARAR,gliclazide 40mg tablets (flamingo pharma (uk) ltd)
37387311000001101,amp,0601021M0AAARAR,gliclazide 40mg tablets (de pharmaceuticals)
8496711000001104,amp,0601021M0AAASAS,gliclazide 80mg/5ml oral suspension (drug tariff special order)
8497111000001102,amp,0601021M0AAAUAU,gliclazide 40mg/5ml oral suspension (drug tariff special order)
745911000001103,amp,0601021M0BBAAAA,diamicron 80mg tablets (servier laboratories ltd)
3661311000001107,amp,0601021M0BBABAM,diamicron 30mg mr tablets (servier laboratories ltd)
49111000001103,amp,0601021M0BCAAAA,diaglyk 80mg tablets (ashbourne pharmaceuticals ltd)
868111000001101,amp,0601021M0BDAAAA,vivazide 80mg tablets (lexon (uk) ltd)
61911000001108,amp,0601021M0BEAAAA,glimil 80mg tablets (milpharm ltd)
13456711000001106,amp,0601021M0BFAAAM,nazdol mr 30mg tablets (consilient health ltd)
15100511000001103,amp,0601021M0BFABAM,nazdol mr 30mg tablets (mylan)
15100211000001101,amp,0601021M0BFACAM,nazdol mr 30mg tablets (teva uk ltd)
15334511000001109,amp,0601021M0BGAAAM,edicil mr 30mg tablets (teva uk ltd)
16536211000001102,amp,0601021M0BHAAAM,dacadis mr 30mg tablets (mylan)
16677511000001108,amp,0601021M0BIAAAR,zicron 40mg tablets (bristol laboratories ltd)
33766211000001100,amp,0601021M0BIABAM,zicron pr 30mg tablets (bristol laboratories ltd)
18678711000001108,amp,0601021M0BJAAAM,vitile xl 30mg tablets (actavis uk ltd)
22225011000001109,amp,0601021M0BKAAAT,laaglyda mr 60mg tablets (consilient health ltd)
27957011000001101,amp,0601021M0BLAAAM,ziclaseg 30mg modified-release tablets (lupin healthcare (uk) ltd)
28420711000001107,amp,0601021M0BMAAAM,vamju 30mg modified-release tablets (advanz pharma)
28420911000001109,amp,0601021M0BMABAT,vamju 60mg modified-release tablets (advanz pharma)
30982411000001107,amp,0601021M0BNAAAM,bilxona 30mg modified-release tablets (accord healthcare ltd)
30983711000001109,amp,0601021M0BNABAT,bilxona 60mg modified-release tablets (actavis uk ltd)
37618711000001109,amp,0601021M0BNACAT,bilxona 60mg modified-release tablets (accord healthcare ltd)
36910511000001100,amp,0601021M0BPAAAV,glydex 160mg tablets (medreich plc)
38018211000001100,amp,0601021M0BQAAAM,lamzarin 30mg modified-release tablets (key pharmaceuticals ltd)
38018511000001102,amp,0601021M0BQABAT,lamzarin 60mg modified-release tablets (key pharmaceuticals ltd)
129411000001101,amp,0601021P0AAABAB,glipizide 5mg tablets (pfizer ltd)
464111000001100,amp,0601021P0AAABAB,glipizide 5mg tablets (mylan)
697811000001104,amp,0601021P0AAABAB,glipizide 5mg tablets (ivax pharmaceuticals uk ltd)
698511000001103,amp,0601021P0AAABAB,glipizide 5mg tablets (sandoz ltd)
731211000001105,amp,0601021P0AAABAB,glipizide 5mg tablets (a a h pharmaceuticals ltd)
756411000001104,amp,0601021P0AAABAB,glipizide 5mg tablets (actavis uk ltd)
788811000001108,amp,0601021P0AAABAB,glipizide 5mg tablets (alliance healthcare (distribution) ltd)
811811000001103,amp,0601021P0AAABAB,glipizide 5mg tablets (kent pharmaceuticals ltd)
9745811000001100,amp,0601021P0AAABAB,glipizide 5mg tablets (teva uk ltd)
13578511000001105,amp,0601021P0AAABAB,glipizide 5mg tablets (de pharmaceuticals)
17918011000001108,amp,0601021P0AAABAB,glipizide 5mg tablets (phoenix healthcare distribution ltd)
19818611000001102,amp,0601021P0AAABAB,glipizide 5mg tablets (almus pharmaceuticals ltd)
22028411000001100,amp,0601021P0AAABAB,glipizide 5mg tablets (waymade healthcare plc)
29870011000001101,amp,0601021P0AAABAB,glipizide 5mg tablets (sigma pharmaceuticals plc)
30204011000001106,amp,0601021P0AAABAB,glipizide 5mg tablets (mawdsley-brooks & company ltd)
515111000001108,amp,0601021P0BBAAAB,glibenese 5mg tablets (pfizer ltd)
808711000001104,amp,0601021P0BCACAA,minodiab 2.5mg tablets (pfizer ltd)
652411000001107,amp,0601021P0BCADAB,minodiab 5mg tablets (pfizer ltd)
3763311000001102,amp,0601021R0BBAAAA,glurenorm 30mg tablets (sanofi)
147811000001105,amp,0601021X0AAADAD,tolbutamide 500mg tablets (kent pharmaceuticals ltd)
393311000001107,amp,0601021X0AAADAD,tolbutamide 500mg tablets (alliance healthcare (distribution) ltd)
450011000001104,amp,0601021X0AAADAD,tolbutamide 500mg tablets (a a h pharmaceuticals ltd)
639511000001103,amp,0601021X0AAADAD,tolbutamide 500mg tablets (teva uk ltd)
864711000001108,amp,0601021X0AAADAD,tolbutamide 500mg tablets (actavis uk ltd)
4470711000001109,amp,0601021X0AAADAD,tolbutamide 500mg tablets (mylan)
9801011000001101,amp,0601021X0AAADAD,tolbutamide 500mg tablets (almus pharmaceuticals ltd)
17205711000001104,amp,0601021X0AAADAD,tolbutamide 500mg tablets (sovereign medical ltd)
17821311000001104,amp,0601021X0AAADAD,tolbutamide 500mg tablets (phoenix healthcare distribution ltd)
21884111000001108,amp,0601021X0AAADAD,tolbutamide 500mg tablets (waymade healthcare plc)
27117211000001103,amp,0601021X0AAADAD,tolbutamide 500mg tablets (genesis pharmaceuticals ltd)
30100711000001104,amp,0601021X0AAADAD,tolbutamide 500mg tablets (de pharmaceuticals)
8712011000001107,amp,0601021X0AAAJAJ,tolbutamide 500mg/5ml oral suspension (special order)
13318011000001109,amp,0601021X0AAAKAK,tolbutamide 250mg/5ml oral suspension (special order)
13317511000001100,amp,0601021X0AAALAL,tolbutamide 1g/5ml oral suspension (special order)
18309611000001107,amp,0601023A0AAAAAA,acarbose 50mg tablets (a a h pharmaceuticals ltd)
18624811000001107,amp,0601023A0AAAAAA,acarbose 50mg tablets (phoenix healthcare distribution ltd)
19489311000001108,amp,0601023A0AAAAAA,acarbose 50mg tablets (alliance healthcare (distribution) ltd)
19700511000001104,amp,0601023A0AAAAAA,acarbose 50mg tablets (de pharmaceuticals)
21027911000001106,amp,0601023A0AAAAAA,acarbose 50mg tablets (arrow generics ltd)
21111411000001109,amp,0601023A0AAAAAA,acarbose 50mg tablets (actavis uk ltd)
21734711000001103,amp,0601023A0AAAAAA,acarbose 50mg tablets (waymade healthcare plc)
24130611000001101,amp,0601023A0AAAAAA,acarbose 50mg tablets (morningside healthcare ltd)
29754711000001105,amp,0601023A0AAAAAA,acarbose 50mg tablets (sigma pharmaceuticals plc)
29988711000001100,amp,0601023A0AAAAAA,acarbose 50mg tablets (mawdsley-brooks & company ltd)
33549511000001101,amp,0601023A0AAAAAA,acarbose 50mg tablets (mylan)
38292411000001105,amp,0601023A0AAAAAA,acarbose 50mg tablets (rivopharm (uk) ltd)
18309811000001106,amp,0601023A0AAABAB,acarbose 100mg tablets (a a h pharmaceuticals ltd)
18624411000001105,amp,0601023A0AAABAB,acarbose 100mg tablets (phoenix healthcare distribution ltd)
19489511000001102,amp,0601023A0AAABAB,acarbose 100mg tablets (alliance healthcare (distribution) ltd)
19700011000001107,amp,0601023A0AAABAB,acarbose 100mg tablets (de pharmaceuticals)
21028111000001109,amp,0601023A0AAABAB,acarbose 100mg tablets (arrow generics ltd)
21112511000001100,amp,0601023A0AAABAB,acarbose 100mg tablets (actavis uk ltd)
21735211000001106,amp,0601023A0AAABAB,acarbose 100mg tablets (waymade healthcare plc)
24130811000001102,amp,0601023A0AAABAB,acarbose 100mg tablets (morningside healthcare ltd)
29754211000001103,amp,0601023A0AAABAB,acarbose 100mg tablets (sigma pharmaceuticals plc)
29988911000001103,amp,0601023A0AAABAB,acarbose 100mg tablets (mawdsley-brooks & company ltd)
33549711000001106,amp,0601023A0AAABAB,acarbose 100mg tablets (mylan)
38293311000001108,amp,0601023A0AAABAB,acarbose 100mg tablets (rivopharm (uk) ltd)
781411000001104,amp,0601023A0BBACAA,glucobay 50mg tablets (bayer plc)
444311000001106,amp,0601023A0BBADAB,glucobay 100mg tablets (bayer plc)
13411611000001100,amp,0601023AABBAAAA,galvus 50mg tablets (novartis pharmaceuticals uk ltd)
15858611000001101,amp,0601023ABBBAAAA,victoza 6mg/ml solution for injection 3ml pre-filled pens (novo nordisk ltd)
33747711000001102,amp,0601023ABBCAAAA,saxenda 6mg/ml solution for injection 3ml pre-filled pens (novo nordisk ltd)
15993011000001101,amp,0601023ACBBAAAA,onglyza 5mg tablets (astrazeneca uk ltd)
18596311000001108,amp,0601023ACBBABAB,onglyza 2.5mg tablets (astrazeneca uk ltd)
17060511000001108,amp,0601023ADBBAAAA,janumet 50mg/1000mg tablets (merck sharp & dohme ltd)
19492811000001108,amp,0601023AEBBAAAA,trajenta 5mg tablets (boehringer ingelheim ltd)
21208211000001100,amp,0601023AFBBAAAA,jentadueto 2.5mg/850mg tablets (boehringer ingelheim ltd)
21208511000001102,amp,0601023AFBBABAB,jentadueto 2.5mg/1000mg tablets (boehringer ingelheim ltd)
21609511000001105,amp,0601023AGBBAAAA,forxiga 5mg tablets (astrazeneca uk ltd)
21609811000001108,amp,0601023AGBBABAB,forxiga 10mg tablets (astrazeneca uk ltd)
21705311000001107,amp,0601023AHBBAAAA,komboglyze 2.5mg/850mg tablets (astrazeneca uk ltd)
21705611000001102,amp,0601023AHBBABAB,komboglyze 2.5mg/1000mg tablets (astrazeneca uk ltd)
21941011000001105,amp,0601023AIBBAAAA,lyxumia 20micrograms/0.2ml solution for injection 3ml pre-filled pens (sanofi)
21941511000001102,amp,0601023AIBBABAB,lyxumia 10micrograms/0.2ml solution for injection 3ml pre-filled pens (sanofi)
21953711000001106,amp,0601023AIBBACAC,lyxumia 10micrograms/20micrograms treatment initiation pack (sanofi)
23632611000001103,amp,0601023AJBBAAAA,vipdomet 12.5mg/1000mg tablets (takeda uk ltd)
23634111000001103,amp,0601023AKBBAAAA,vipidia 6.25mg tablets (takeda uk ltd)
23636011000001109,amp,0601023AKBBABAB,vipidia 12.5mg tablets (takeda uk ltd)
23636311000001107,amp,0601023AKBBACAC,vipidia 25mg tablets (takeda uk ltd)
24018111000001106,amp,0601023ALBBAAAA,xigduo 5mg/850mg tablets (astrazeneca uk ltd)
24018511000001102,amp,0601023ALBBABAB,xigduo 5mg/1000mg tablets (astrazeneca uk ltd)
24088611000001101,amp,0601023AMBBAAAA,invokana 100mg tablets (napp pharmaceuticals ltd)
24088311000001106,amp,0601023AMBBABAB,invokana 300mg tablets (napp pharmaceuticals ltd)
25238811000001107,amp,0601023ANBBAAAA,jardiance 10mg tablets (boehringer ingelheim ltd)
25239711000001108,amp,0601023ANBBABAB,jardiance 25mg tablets (boehringer ingelheim ltd)
28022511000001109,amp,0601023APBBAAAA,vokanamet 50mg/850mg tablets (napp pharmaceuticals ltd)
28024411000001103,amp,0601023APBBABAB,vokanamet 50mg/1000mg tablets (napp pharmaceuticals ltd)
28461011000001109,amp,0601023AQBBAAAA,trulicity 0.75mg/0.5ml solution for injection pre-filled pens (eli lilly and company ltd)
28462311000001103,amp,0601023AQBBABAB,trulicity 1.5mg/0.5ml solution for injection pre-filled pens (eli lilly and company ltd)
30173411000001107,amp,0601023ARBBAAAA,synjardy 5mg/850mg tablets (boehringer ingelheim ltd)
30174111000001100,amp,0601023ARBBABAB,synjardy 5mg/1000mg tablets (boehringer ingelheim ltd)
30175011000001102,amp,0601023ARBBACAC,synjardy 12.5mg/850mg tablets (boehringer ingelheim ltd)
30175711000001100,amp,0601023ARBBADAD,synjardy 12.5mg/1000mg tablets (boehringer ingelheim ltd)
31014311000001106,amp,0601023ASBBAAAA,eperzan 30mg powder and solvent for solution for injection pre-filled pens (glaxosmithkline uk ltd)
31014611000001101,amp,0601023ASBBABAB,eperzan 50mg powder and solvent for solution for injection pre-filled pens (glaxosmithkline uk ltd)
28054311000001106,amp,0601023AUBBAAAA,xultophy 100units/ml / 3.6mg/ml solution for injection 3ml pre-filled pens (novo nordisk ltd)
33682311000001103,amp,0601023AVBBAAAA,qtern 5mg/10mg tablets (astrazeneca uk ltd)
36470811000001107,amp,0601023AWBBAAAA,ozempic 0.25mg/0.19ml solution for injection 1.5ml pre-filled pens (novo nordisk ltd)
36471111000001106,amp,0601023AWBBABAB,ozempic 0.5mg/0.37ml solution for injection 1.5ml pre-filled pens (novo nordisk ltd)
36471411000001101,amp,0601023AWBBACAC,ozempic 1mg/0.74ml solution for injection 3ml pre-filled pens (novo nordisk ltd)
36514811000001101,amp,0601023AXBBAAAA,steglatro 5mg tablets (merck sharp & dohme ltd)
36515111000001107,amp,0601023AXBBABAB,steglatro 15mg tablets (merck sharp & dohme ltd)
37225211000001100,amp,0601023AYBBAAAA,glyxambi 10mg/5mg tablets (boehringer ingelheim ltd)
37225511000001102,amp,0601023AYBBABAB,glyxambi 25mg/5mg tablets (boehringer ingelheim ltd)
19361311000001103,amp,0601023B0AAAAAA,pioglitazone 15mg tablets (a a h pharmaceuticals ltd)
19469211000001102,amp,0601023B0AAAAAA,pioglitazone 15mg tablets (alliance healthcare (distribution) ltd)
19476211000001103,amp,0601023B0AAAAAA,pioglitazone 15mg tablets (consilient health ltd)
19592911000001108,amp,0601023B0AAAAAA,pioglitazone 15mg tablets (dr reddy's laboratories (uk) ltd)
20319611000001106,amp,0601023B0AAAAAA,pioglitazone 15mg tablets (sandoz ltd)
20357411000001107,amp,0601023B0AAAAAA,pioglitazone 15mg tablets (actavis uk ltd)
20916911000001104,amp,0601023B0AAAAAA,pioglitazone 15mg tablets (zentiva)
21763311000001107,amp,0601023B0AAAAAA,pioglitazone 15mg tablets (teva uk ltd)
21848111000001107,amp,0601023B0AAAAAA,pioglitazone 15mg tablets (waymade healthcare plc)
22949011000001105,amp,0601023B0AAAAAA,pioglitazone 15mg tablets (ranbaxy (uk) ltd)
23487411000001107,amp,0601023B0AAAAAA,pioglitazone 15mg tablets (accord healthcare ltd)
24137211000001104,amp,0601023B0AAAAAA,pioglitazone 15mg tablets (morningside healthcare ltd)
29985811000001104,amp,0601023B0AAAAAA,pioglitazone 15mg tablets (sigma pharmaceuticals plc)
30077211000001109,amp,0601023B0AAAAAA,pioglitazone 15mg tablets (de pharmaceuticals)
30857011000001100,amp,0601023B0AAAAAA,pioglitazone 15mg tablets (mawdsley-brooks & company ltd)
32492811000001102,amp,0601023B0AAAAAA,pioglitazone 15mg tablets (brown & burk uk ltd)
33599111000001102,amp,0601023B0AAAAAA,pioglitazone 15mg tablets (mylan)
36856611000001103,amp,0601023B0AAAAAA,pioglitazone 15mg tablets (torrent pharma (uk) ltd)
19361511000001109,amp,0601023B0AAABAB,pioglitazone 30mg tablets (a a h pharmaceuticals ltd)
19469411000001103,amp,0601023B0AAABAB,pioglitazone 30mg tablets (alliance healthcare (distribution) ltd)
19476411000001104,amp,0601023B0AAABAB,pioglitazone 30mg tablets (consilient health ltd)
19593111000001104,amp,0601023B0AAABAB,pioglitazone 30mg tablets (dr reddy's laboratories (uk) ltd)
20320211000001108,amp,0601023B0AAABAB,pioglitazone 30mg tablets (sandoz ltd)
20357611000001105,amp,0601023B0AAABAB,pioglitazone 30mg tablets (actavis uk ltd)
20917111000001104,amp,0601023B0AAABAB,pioglitazone 30mg tablets (zentiva)
21764211000001101,amp,0601023B0AAABAB,pioglitazone 30mg tablets (teva uk ltd)
21848311000001109,amp,0601023B0AAABAB,pioglitazone 30mg tablets (waymade healthcare plc)
22949311000001108,amp,0601023B0AAABAB,pioglitazone 30mg tablets (ranbaxy (uk) ltd)
23487611000001105,amp,0601023B0AAABAB,pioglitazone 30mg tablets (accord healthcare ltd)
24134911000001102,amp,0601023B0AAABAB,pioglitazone 30mg tablets (morningside healthcare ltd)
29986011000001101,amp,0601023B0AAABAB,pioglitazone 30mg tablets (sigma pharmaceuticals plc)
30112111000001103,amp,0601023B0AAABAB,pioglitazone 30mg tablets (de pharmaceuticals)
30857211000001105,amp,0601023B0AAABAB,pioglitazone 30mg tablets (mawdsley-brooks & company ltd)
32493011000001104,amp,0601023B0AAABAB,pioglitazone 30mg tablets (brown & burk uk ltd)
33598911000001107,amp,0601023B0AAABAB,pioglitazone 30mg tablets (mylan)
36857111000001109,amp,0601023B0AAABAB,pioglitazone 30mg tablets (torrent pharma (uk) ltd)
19469611000001100,amp,0601023B0AAACAC,pioglitazone 45mg tablets (alliance healthcare (distribution) ltd)
19473511000001108,amp,0601023B0AAACAC,pioglitazone 45mg tablets (a a h pharmaceuticals ltd)
19476611000001101,amp,0601023B0AAACAC,pioglitazone 45mg tablets (consilient health ltd)
19593311000001102,amp,0601023B0AAACAC,pioglitazone 45mg tablets (dr reddy's laboratories (uk) ltd)
20320611000001105,amp,0601023B0AAACAC,pioglitazone 45mg tablets (sandoz ltd)
20357811000001109,amp,0601023B0AAACAC,pioglitazone 45mg tablets (actavis uk ltd)
20917311000001102,amp,0601023B0AAACAC,pioglitazone 45mg tablets (zentiva)
21764511000001103,amp,0601023B0AAACAC,pioglitazone 45mg tablets (teva uk ltd)
21848511000001103,amp,0601023B0AAACAC,pioglitazone 45mg tablets (waymade healthcare plc)
22949511000001102,amp,0601023B0AAACAC,pioglitazone 45mg tablets (ranbaxy (uk) ltd)
23487811000001109,amp,0601023B0AAACAC,pioglitazone 45mg tablets (accord healthcare ltd)
24135111000001101,amp,0601023B0AAACAC,pioglitazone 45mg tablets (morningside healthcare ltd)
29986211000001106,amp,0601023B0AAACAC,pioglitazone 45mg tablets (sigma pharmaceuticals plc)
30112311000001101,amp,0601023B0AAACAC,pioglitazone 45mg tablets (de pharmaceuticals)
30857411000001109,amp,0601023B0AAACAC,pioglitazone 45mg tablets (mawdsley-brooks & company ltd)
32493211000001109,amp,0601023B0AAACAC,pioglitazone 45mg tablets (brown & burk uk ltd)
33598711000001105,amp,0601023B0AAACAC,pioglitazone 45mg tablets (mylan)
36857411000001104,amp,0601023B0AAACAC,pioglitazone 45mg tablets (torrent pharma (uk) ltd)
13435011000001104,amp,0601023B0AAADAD,pioglitazone 30mg/5ml oral suspension (special order)
16007611000001109,amp,0601023B0AAAEAE,pioglitazone 15mg/5ml oral suspension (special order)
18567011000001105,amp,0601023B0AAAFAF,pioglitazone 45mg/5ml oral suspension (special order)
58011000001106,amp,0601023B0BBAAAA,actos 15mg tablets (takeda uk ltd)
446711000001101,amp,0601023B0BBABAB,actos 30mg tablets (takeda uk ltd)
5199411000001105,amp,0601023B0BBACAC,actos 45mg tablets (takeda uk ltd)
19957811000001101,amp,0601023B0BCAAAA,glizofar 15mg tablets (teva uk ltd)
19958011000001108,amp,0601023B0BCABAB,glizofar 30mg tablets (teva uk ltd)
19958211000001103,amp,0601023B0BCACAC,glizofar 45mg tablets (teva uk ltd)
20022911000001104,amp,0601023B0BCADAA,glizofar 15mg tablets (arrow generics ltd)
20023111000001108,amp,0601023B0BCAEAB,glizofar 30mg tablets (arrow generics ltd)
20023411000001103,amp,0601023B0BCAFAC,glizofar 45mg tablets (arrow generics ltd)
23369611000001106,amp,0601023B0BDAAAB,glidipion 30mg tablets (actavis uk ltd)
23372211000001107,amp,0601023B0BDABAC,glidipion 45mg tablets (actavis uk ltd)
28940811000001104,amp,0601023B0BDACAA,glidipion 15mg tablets (actavis uk ltd)
29742811000001105,amp,0601023B0BEAAAA,diabiom 15mg tablets (tillomed laboratories ltd)
29743011000001108,amp,0601023B0BEABAB,diabiom 30mg tablets (tillomed laboratories ltd)
29743211000001103,amp,0601023B0BEACAC,diabiom 45mg tablets (tillomed laboratories ltd)
4667411000001106,amp,0601023I0BCAAAD,guarem 5g granules sachets (shire pharmaceuticals ltd)
19179211000001108,amp,0601023R0AAAAAA,repaglinide 500microgram tablets (teva uk ltd)
19277111000001106,amp,0601023R0AAAAAA,repaglinide 500microgram tablets (aspire pharma ltd)
19299911000001107,amp,0601023R0AAAAAA,repaglinide 500microgram tablets (actavis uk ltd)
19360311000001108,amp,0601023R0AAAAAA,repaglinide 500microgram tablets (alliance healthcare (distribution) ltd)
19361711000001104,amp,0601023R0AAAAAA,repaglinide 500microgram tablets (a a h pharmaceuticals ltd)
20566211000001103,amp,0601023R0AAAAAA,repaglinide 500microgram tablets (creo pharma ltd)
20773611000001101,amp,0601023R0AAAAAA,repaglinide 500microgram tablets (accord healthcare ltd)
21880011000001100,amp,0601023R0AAAAAA,repaglinide 500microgram tablets (waymade healthcare plc)
30829111000001109,amp,0601023R0AAAAAA,repaglinide 500microgram tablets (de pharmaceuticals)
30875411000001101,amp,0601023R0AAAAAA,repaglinide 500microgram tablets (mawdsley-brooks & company ltd)
33613711000001105,amp,0601023R0AAAAAA,repaglinide 500microgram tablets (mylan)
19179511000001106,amp,0601023R0AAABAB,repaglinide 1mg tablets (teva uk ltd)
19276911000001106,amp,0601023R0AAABAB,repaglinide 1mg tablets (aspire pharma ltd)
19300511000001103,amp,0601023R0AAABAB,repaglinide 1mg tablets (actavis uk ltd)
19360811000001104,amp,0601023R0AAABAB,repaglinide 1mg tablets (alliance healthcare (distribution) ltd)
19362011000001109,amp,0601023R0AAABAB,repaglinide 1mg tablets (a a h pharmaceuticals ltd)
20566511000001100,amp,0601023R0AAABAB,repaglinide 1mg tablets (creo pharma ltd)
20777611000001109,amp,0601023R0AAABAB,repaglinide 1mg tablets (accord healthcare ltd)
21880311000001102,amp,0601023R0AAABAB,repaglinide 1mg tablets (waymade healthcare plc)
30088811000001104,amp,0601023R0AAABAB,repaglinide 1mg tablets (de pharmaceuticals)
30875711000001107,amp,0601023R0AAABAB,repaglinide 1mg tablets (mawdsley-brooks & company ltd)
33614311000001108,amp,0601023R0AAABAB,repaglinide 1mg tablets (mylan)
38190911000001103,amp,0601023R0AAABAB,repaglinide 1mg tablets (rivopharm (uk) ltd)
19179811000001109,amp,0601023R0AAACAC,repaglinide 2mg tablets (teva uk ltd)
19276711000001109,amp,0601023R0AAACAC,repaglinide 2mg tablets (aspire pharma ltd)
19300811000001100,amp,0601023R0AAACAC,repaglinide 2mg tablets (actavis uk ltd)
19361111000001100,amp,0601023R0AAACAC,repaglinide 2mg tablets (alliance healthcare (distribution) ltd)
19362311000001107,amp,0601023R0AAACAC,repaglinide 2mg tablets (a a h pharmaceuticals ltd)
20566811000001102,amp,0601023R0AAACAC,repaglinide 2mg tablets (creo pharma ltd)
20778911000001102,amp,0601023R0AAACAC,repaglinide 2mg tablets (accord healthcare ltd)
21880611000001107,amp,0601023R0AAACAC,repaglinide 2mg tablets (waymade healthcare plc)
30089311000001102,amp,0601023R0AAACAC,repaglinide 2mg tablets (de pharmaceuticals)
30876011000001101,amp,0601023R0AAACAC,repaglinide 2mg tablets (mawdsley-brooks & company ltd)
33619611000001104,amp,0601023R0AAACAC,repaglinide 2mg tablets (mylan)
38191211000001101,amp,0601023R0AAACAC,repaglinide 2mg tablets (rivopharm (uk) ltd)
152311000001101,amp,0601023R0BBAAAA,novonorm 500microgram tablets (novo nordisk ltd)
494111000001103,amp,0601023R0BBABAB,novonorm 1mg tablets (novo nordisk ltd)
840811000001100,amp,0601023R0BBACAC,novonorm 2mg tablets (novo nordisk ltd)
10952411000001100,amp,0601023R0BCAAAA,prandin 0.5mg tablets (novo nordisk ltd)
10956911000001107,amp,0601023R0BCABAB,prandin 1mg tablets (novo nordisk ltd)
10957811000001100,amp,0601023R0BCACAC,prandin 2mg tablets (novo nordisk ltd)
19306711000001106,amp,0601023R0BDAAAA,enyglid 0.5mg tablets (consilient health ltd)
19306911000001108,amp,0601023R0BDABAB,enyglid 1mg tablets (consilient health ltd)
19307311000001105,amp,0601023R0BDACAC,enyglid 2mg tablets (consilient health ltd)
922211000001106,amp,0601023S0BBAAAA,avandia 4mg tablets (glaxosmithkline uk ltd)
270611000001105,amp,0601023S0BBABAB,avandia 8mg tablets (glaxosmithkline uk ltd)
3650611000001102,amp,0601023U0BBAAAA,starlix 60mg tablets (novartis pharmaceuticals uk ltd)
3651211000001105,amp,0601023U0BBABAB,starlix 120mg tablets (novartis pharmaceuticals uk ltd)
3883511000001107,amp,0601023U0BBACAC,starlix 180mg tablets (novartis pharmaceuticals uk ltd)
5302911000001102,amp,0601023V0BBAAAA,avandamet 1mg/500mg tablets (glaxosmithkline uk ltd)
5303611000001103,amp,0601023V0BBABAB,avandamet 2mg/500mg tablets (glaxosmithkline uk ltd)
8174611000001109,amp,0601023V0BBACAC,avandamet 4mg/1000mg tablets (glaxosmithkline uk ltd)
8176311000001105,amp,0601023V0BBADAD,avandamet 2mg/1000mg tablets (glaxosmithkline uk ltd)
35653211000001103,amp,0601023W0AAAAAA,pioglitazone 15mg / metformin 850mg tablets (teva uk ltd)
35672911000001103,amp,0601023W0AAAAAA,pioglitazone 15mg / metformin 850mg tablets (a a h pharmaceuticals ltd)
36468511000001101,amp,0601023W0AAAAAA,pioglitazone 15mg / metformin 850mg tablets (alliance healthcare (distribution) ltd)
36832811000001104,amp,0601023W0AAAAAA,pioglitazone 15mg / metformin 850mg tablets (torrent pharma (uk) ltd)
37775311000001103,amp,0601023W0AAAAAA,pioglitazone 15mg / metformin 850mg tablets (de pharmaceuticals)
10922311000001108,amp,0601023W0BBAAAA,competact 15mg/850mg tablets (takeda uk ltd)
32625911000001109,amp,0601023X0AAADAD,sitagliptin 50mg/5ml oral solution (special order)
32857511000001104,amp,0601023X0AAAEAE,sitagliptin 50mg/5ml oral suspension (special order)
11473711000001108,amp,0601023X0BBAAAA,januvia 100mg tablets (merck sharp & dohme ltd)
20114811000001100,amp,0601023X0BBABAB,januvia 50mg tablets (merck sharp & dohme ltd)
20115111000001106,amp,0601023X0BBACAC,januvia 25mg tablets (merck sharp & dohme ltd)
11494811000001109,amp,0601023Y0BBAAAA,byetta 5micrograms/0.02ml solution for injection 1.2ml pre-filled pens (astrazeneca uk ltd)
11494611000001105,amp,0601023Y0BBABAB,byetta 10micrograms/0.04ml solution for injection 2.4ml pre-filled pens (astrazeneca uk ltd)
19274811000001108,amp,0601023Y0BCAAAC,bydureon 2mg powder and solvent for prolonged-release suspension for injection vials (astrazeneca uk ltd)
28426011000001108,amp,0601023Y0BCABAD,bydureon 2mg powder and solvent for prolonged-release suspension for injection pre-filled pens (astrazeneca uk ltd)
38060511000001101,amp,0601023Y0BCACAE,bydureon bcise 2mg/0.85ml prolonged-release suspension for injection pre-filled pens (astrazeneca uk ltd)
13412311000001101,amp,0601023Z0BBAAAA,eucreas 50mg/1000mg tablets (novartis pharmaceuticals uk ltd)
13412611000001106,amp,0601023Z0BBABAB,eucreas 50mg/850mg tablets (novartis pharmaceuticals uk ltd)
325259007,vmp,0601021A0AAAAAA,glimepiride 2mg tablets
325261003,vmp,0601021A0AAABAB,glimepiride 1mg tablets
325262005,vmp,0601021A0AAACAC,glimepiride 3mg tablets
325263000,vmp,0601021A0AAADAD,glimepiride 4mg tablets
16130611000001107,vmp,0601021A0AAAGAG,glimepiride 2mg/5ml oral solution
16130711000001103,vmp,0601021A0AAAGAG,glimepiride 2mg/5ml oral suspension
21366911000001103,vmp,0601021A0AAAHAH,glimepiride 6mg/5ml oral suspension
325213005,vmp,0601021E0AAAAAA,chlorpropamide 100mg tablets
325214004,vmp,0601021E0AAABAB,chlorpropamide 250mg tablets
12019111000001108,vmp,0601021E0AAADAD,chlorpropamide 250mg/5ml oral suspension
325218001,vmp,0601021H0AAAAAA,glibenclamide 2.5mg tablets
325219009,vmp,0601021H0AAABAB,glibenclamide 5mg tablets
12135711000001107,vmp,0601021H0AAAIAI,glibenclamide 625micrograms/5ml oral solution
12135811000001104,vmp,0601021H0AAAIAI,glibenclamide 625micrograms/5ml oral suspension
8523711000001107,vmp,0601021H0AAAJAJ,glibenclamide 5mg/5ml oral solution
8523811000001104,vmp,0601021H0AAAJAJ,glibenclamide 5mg/5ml oral suspension
12135511000001102,vmp,0601021H0AAAKAK,glibenclamide 2.5mg/5ml oral solution
12135611000001103,vmp,0601021H0AAAKAK,glibenclamide 2.5mg/5ml oral suspension
12135311000001108,vmp,0601021H0AAAMAM,glibenclamide 15mg/5ml oral solution
12135411000001101,vmp,0601021H0AAAMAM,glibenclamide 15mg/5ml oral suspension
8523911000001109,vmp,0601021H0AAANAN,glibenclamide 7.5mg/5ml oral solution
8524011000001107,vmp,0601021H0AAANAN,glibenclamide 7.5mg/5ml oral suspension
37405911000001104,vmp,0601021H0AAAPAP,glibenclamide 600micrograms/ml oral suspension sugar free
37406011000001107,vmp,0601021H0AAAQAQ,glibenclamide 6mg/ml oral suspension sugar free
325242002,vmp,0601021M0AAAAAA,gliclazide 80mg tablets
12136411000001105,vmp,0601021M0AAAGAG,gliclazide 60mg/5ml oral suspension
12136211000001106,vmp,0601021M0AAAHAH,gliclazide 50mg/5ml oral suspension
12136011000001101,vmp,0601021M0AAAIAI,gliclazide 120mg/5ml oral suspension
8524111000001108,vmp,0601021M0AAAJAJ,gliclazide 160mg/5ml oral suspension
12135911000001109,vmp,0601021M0AAALAL,gliclazide 100mg/5ml oral suspension
134587001,vmp,0601021M0AAAMAM,gliclazide 30mg modified-release tablets
12136111000001100,vmp,0601021M0AAANAN,gliclazide 20mg/5ml oral suspension
13466811000001105,vmp,0601021M0AAAPAP,gliclazide 30mg/5ml oral suspension
16702011000001102,vmp,0601021M0AAARAR,gliclazide 40mg tablets
8524311000001105,vmp,0601021M0AAASAS,gliclazide 80mg/5ml oral suspension
22226111000001104,vmp,0601021M0AAATAT,gliclazide 60mg modified-release tablets
8524211000001102,vmp,0601021M0AAAUAU,gliclazide 40mg/5ml oral suspension
36914911000001102,vmp,0601021M0AAAVAV,gliclazide 160mg tablets
325248003,vmp,0601021P0AAAAAA,glipizide 2.5mg tablets
325243007,vmp,0601021P0AAABAB,glipizide 5mg tablets
325251005,vmp,0601021R0AAAAAA,gliquidone 30mg tablets
325267004,vmp,0601021X0AAADAD,tolbutamide 500mg tablets
8724011000001106,vmp,0601021X0AAAJAJ,tolbutamide 500mg/5ml oral suspension
13324411000001101,vmp,0601021X0AAAKAK,tolbutamide 250mg/5ml oral suspension
13324311000001108,vmp,0601021X0AAALAL,tolbutamide 1g/5ml oral suspension
326037007,vmp,0601023A0AAAAAA,acarbose 50mg tablets
326038002,vmp,0601023A0AAABAB,acarbose 100mg tablets
13412911000001100,vmp,0601023AAAAAAAA,vildagliptin 50mg tablets
15859111000001102,vmp,0601023ABAAAAAA,liraglutide 6mg/ml solution for injection 3ml pre-filled disposable devices
443713000,vmp,0601023ACAAAAAA,saxagliptin 5mg tablets
443067000,vmp,0601023ACAAABAB,saxagliptin 2.5mg tablets
17071811000001108,vmp,0601023ADAAAAAA,metformin 1g / sitagliptin 50mg tablets
19525211000001103,vmp,0601023AEAAAAAA,linagliptin 5mg tablets
21245111000001107,vmp,0601023AFAAAAAA,linagliptin 2.5mg / metformin 850mg tablets
21245011000001106,vmp,0601023AFAAABAB,linagliptin 2.5mg / metformin 1g tablets
703679006,vmp,0601023AGAAAAAA,dapagliflozin 5mg tablets
703680009,vmp,0601023AGAAABAB,dapagliflozin 10mg tablets
21711511000001101,vmp,0601023AHAAAAAA,saxagliptin 2.5mg / metformin 850mg tablets
21711411000001100,vmp,0601023AHAAABAB,saxagliptin 2.5mg / metformin 1g tablets
21994811000001105,vmp,0601023AIAAAAAA,lixisenatide 20micrograms/0.2ml solution for injection 3ml pre-filled disposable devices
21994611000001106,vmp,0601023AIAAABAB,lixisenatide 10micrograms/0.2ml solution for injection 3ml pre-filled disposable devices
21994711000001102,vmp,0601023AIAAACAC,lixisenatide 10micrograms/0.2ml solution for injection 3ml pre-filled disposable devices and lixisenatide 20micrograms/0.2ml solution for injection 3ml pre-filled disposable devices
23637211000001102,vmp,0601023AJAAAAAA,alogliptin 12.5mg / metformin 1g tablets
23637511000001104,vmp,0601023AKAAAAAA,alogliptin 6.25mg tablets
23637311000001105,vmp,0601023AKAAABAB,alogliptin 12.5mg tablets
23637411000001103,vmp,0601023AKAAACAC,alogliptin 25mg tablets
24054711000001109,vmp,0601023ALAAAAAA,dapagliflozin 5mg / metformin 850mg tablets
24054611000001100,vmp,0601023ALAAABAB,dapagliflozin 5mg / metformin 1g tablets
703682001,vmp,0601023AMAAAAAA,canagliflozin 100mg tablets
24104511000001103,vmp,0601023AMAAABAB,canagliflozin 300mg tablets
25290511000001101,vmp,0601023ANAAAAAA,empagliflozin 10mg tablets
25290611000001102,vmp,0601023ANAAABAB,empagliflozin 25mg tablets
28049311000001109,vmp,0601023APAAAAAA,canagliflozin 50mg / metformin 850mg tablets
28049211000001101,vmp,0601023APAAABAB,canagliflozin 50mg / metformin 1g tablets
28789611000001108,vmp,0601023AQAAAAAA,dulaglutide 0.75mg/0.5ml solution for injection pre-filled disposable devices
28789711000001104,vmp,0601023AQAAABAB,dulaglutide 1.5mg/0.5ml solution for injection pre-filled disposable devices
30318411000001104,vmp,0601023ARAAAAAA,empagliflozin 5mg / metformin 850mg tablets
30318311000001106,vmp,0601023ARAAABAB,empagliflozin 5mg / metformin 1g tablets
30318211000001103,vmp,0601023ARAAACAC,empagliflozin 12.5mg / metformin 850mg tablets
30318111000001109,vmp,0601023ARAAADAD,empagliflozin 12.5mg / metformin 1g tablets
31015711000001109,vmp,0601023ASAAAAAA,albiglutide 30mg powder and solvent for solution for injection pre-filled disposable devices
31015811000001101,vmp,0601023ASAAABAB,albiglutide 50mg powder and solvent for solution for injection pre-filled disposable devices
28279611000001109,vmp,0601023AUAAAAAA,insulin degludec 100units/ml / liraglutide 3.6mg/ml solution for injection 3ml pre-filled disposable devices
33745311000001109,vmp,0601023AVAAAAAA,saxagliptin 5mg / dapagliflozin 10mg tablets
36490911000001109,vmp,0601023AWAAAAAA,semaglutide 0.25mg/0.19ml solution for injection 1.5ml pre-filled disposable device
36491011000001101,vmp,0601023AWAAABAB,semaglutide 0.5mg/0.37ml solution for injection 1.5ml pre-filled disposable device
36491111000001100,vmp,0601023AWAAACAC,semaglutide 1mg/0.74ml solution for injection 3ml pre-filled disposable device
36529511000001109,vmp,0601023AXAAAAAA,ertugliflozin 5mg tablets
36529411000001105,vmp,0601023AXAAABAB,ertugliflozin 15mg tablets
37280311000001109,vmp,0601023AYAAAAAA,empagliflozin 10mg / linagliptin 5mg tablets
37280511000001103,vmp,0601023AYAAABAB,empagliflozin 25mg / linagliptin 5mg tablets
326062007,vmp,0601023B0AAAAAA,pioglitazone 15mg tablets
326061000,vmp,0601023B0AAABAB,pioglitazone 30mg tablets
374897009,vmp,0601023B0AAACAC,pioglitazone 45mg tablets
13440011000001109,vmp,0601023B0AAADAD,pioglitazone 30mg/5ml oral suspension
16036811000001104,vmp,0601023B0AAAEAE,pioglitazone 15mg/5ml oral suspension
18595311000001103,vmp,0601023B0AAAFAF,pioglitazone 45mg/5ml oral suspension
325287003,vmp,0601023I0AAADAD,guar gum 5g granules sachets sugar free
326047005,vmp,0601023R0AAAAAA,repaglinide 500microgram tablets
326048000,vmp,0601023R0AAABAB,repaglinide 1mg tablets
326049008,vmp,0601023R0AAACAC,repaglinide 2mg tablets
326057006,vmp,0601023S0AAAAAA,rosiglitazone 4mg tablets
326056002,vmp,0601023S0AAABAB,rosiglitazone 8mg tablets
134610002,vmp,0601023U0AAAAAA,nateglinide 60mg tablets
134609007,vmp,0601023U0AAABAB,nateglinide 120mg tablets
134608004,vmp,0601023U0AAACAC,nateglinide 180mg tablets
409121008,vmp,0601023V0AAAAAA,rosiglitazone 1mg / metformin 500mg tablets
409122001,vmp,0601023V0AAABAB,rosiglitazone 2mg / metformin 500mg tablets
409125004,vmp,0601023V0AAACAC,rosiglitazone 4mg / metformin 1g tablets
409124000,vmp,0601023V0AAADAD,rosiglitazone 2mg / metformin 1g tablets
419873003,vmp,0601023W0AAAAAA,pioglitazone 15mg / metformin 850mg tablets
424345005,vmp,0601023X0AAAAAA,sitagliptin 100mg tablets
424513004,vmp,0601023X0AAABAB,sitagliptin 50mg tablets
423962004,vmp,0601023X0AAACAC,sitagliptin 25mg tablets
32638311000001101,vmp,0601023X0AAADAD,sitagliptin 50mg/5ml oral solution
32879911000001101,vmp,0601023X0AAAEAE,sitagliptin 50mg/5ml oral suspension
11494211000001108,vmp,0601023Y0AAAAAA,exenatide 5micrograms/0.02ml solution for injection 1.2ml pre-filled disposable devices
11494111000001102,vmp,0601023Y0AAABAB,exenatide 10micrograms/0.04ml solution for injection 2.4ml pre-filled disposable devices
19275411000001107,vmp,0601023Y0AAACAC,exenatide 2mg powder and solvent for prolonged-release suspension for injection vials
28440211000001102,vmp,0601023Y0AAADAD,exenatide 2mg powder and solvent for prolonged-release suspension for injection pre-filled disposable devices
38082811000001104,vmp,0601023Y0AAAEAE,exenatide 2mg/0.85ml prolonged-release suspension for injection pre-filled disposable devices
13413011000001108,vmp,0601023Z0AAAAAA,vildagliptin 50mg / metformin 1g tablets
13413111000001109,vmp,0601023Z0AAABAB,vildagliptin 50mg / metformin 850mg tablets
